게시판,실제 게시판,번호,작성자 번호,작성자,게시판 등록일,글제목,댓글수,조회수,추천수,링크,작성자 링크
bestofbest,sisa,348196,750791,머두근낼,2017/07/05 22:16,우리 자랑스런 대통령! 잠을 못 주무신다네요...ㅜㅜ,22,17502,337,http://www.todayhumor.co.kr/board/view.php?table=bestofbest&no=348196,http://www.todayhumor.co.kr/board/list.php?kind=member&mn=750791
bestofbest,animal,348197,750442,덕후덕후,2017/07/05 22:20,아 깜짝이야 간장치킨인줄 아랐네;,14,13123,86,http://www.todayhumor.co.kr/board/view.php?table=bestofbest&no=348197,http://www.todayhumor.co.kr/board/list.php?kind=member&mn=750442
bestofbest,animal,348198,532744,코키,2017/07/05 22:20,수다쟁이 키우시는분들..,48,14200,131,http://www.todayhumor.co.kr/board/view.php?table=bestofbest&no=348198,http://www.todayhumor.co.kr/board/list.php?kind=member&mn=532744
bestofbest,panic,348199,422209,감동브레이커,2017/07/05 22:21,(혐사진주의)[골로 간다]는 말의 어원,52,34542,170,http://www.todayhumor.co.kr/board/view.php?table=bestofbest&no=348199,http://www.todayhumor.co.kr/board/list.php?kind=member&mn=422209
bestofbest,sisa,348200,746214,신좌파친노,2017/07/05 22:29,문재인대통령님 트위터.jpg,16,16643,259,http://www.todayhumor.co.kr/board/view.php?table=bestofbest&no=348200,http://www.todayhumor.co.kr/board/list.php?kind=member&mn=746214
bestofbest,humordata,348201,7762,슬픈계절,2017/07/05 22:36,나 어릴적에 복수심불태우다 평생취미생긴만화,32,29721,162,http://www.todayhumor.co.kr/board/view.php?table=bestofbest&no=348201,http://www.todayhumor.co.kr/board/list.php?kind=member&mn=7762
bestofbest,humordata,348202,348809,탱구왔서현,2017/07/05 22:43,노르웨이 공영방송 클라스,104,47861,295,http://www.todayhumor.co.kr/board/view.php?table=bestofbest&no=348202,http://www.todayhumor.co.kr/board/list.php?kind=member&mn=348809
bestofbest,menbung,348203,25989,INVIQTUX,2017/07/05 22:54,소상공인 울리는 해외 사기 조심하세요... 당할뻔 했습니다. ㅠㅠ나쁜놈들,42,14372,172,http://www.todayhumor.co.kr/board/view.php?table=bestofbest&no=348203,http://www.todayhumor.co.kr/board/list.php?kind=member&mn=25989
bestofbest,sisa,348204,746214,신좌파친노,2017/07/05 22:57,민주노총 이젠 갈때까지 가보자는 거지요?,53,14121,177,http://www.todayhumor.co.kr/board/view.php?table=bestofbest&no=348204,http://www.todayhumor.co.kr/board/list.php?kind=member&mn=746214
bestofbest,sisa,348205,755005,anitya,2017/07/05 22:59,(진짜보수)文대통령 10분 연설에 베를린 동포들 16차례 박수 gisa,23,13948,257,http://www.todayhumor.co.kr/board/view.php?table=bestofbest&no=348205,http://www.todayhumor.co.kr/board/list.php?kind=member&mn=755005
bestofbest,gametalk,348206,133383,VistaPro,2017/07/05 23:01,"스팀 관계자 ""한국어화하면 판매량 140% 늘어난다""",93,26782,197,http://www.todayhumor.co.kr/board/view.php?table=bestofbest&no=348206,http://www.todayhumor.co.kr/board/list.php?kind=member&mn=133383
bestofbest,baby,348207,683809,베베앙또,2017/07/05 23:03,유치원에 있는 관심원생(?) 때문에 걱정이 큽니다.,22,15000,126,http://www.todayhumor.co.kr/board/view.php?table=bestofbest&no=348207,http://www.todayhumor.co.kr/board/list.php?kind=member&mn=683809
bestofbest,animal,348208,642377,라이온맨킹,2017/07/05 23:03,호주서 달마티안 18마리 탄생..세계 타이기록,18,14246,109,http://www.todayhumor.co.kr/board/view.php?table=bestofbest&no=348208,http://www.todayhumor.co.kr/board/list.php?kind=member&mn=642377
bestofbest,panic,348209,56414,GeminiArk,2017/07/05 23:04,신천지가 내부 고발자 색출하는 방법,28,33559,267,http://www.todayhumor.co.kr/board/view.php?table=bestofbest&no=348209,http://www.todayhumor.co.kr/board/list.php?kind=member&mn=56414
bestofbest,sisa,348210,754550,오뉴놀숲,2017/07/05 23:07,"오마이 7/5 후원 현황 14,938 및 향후 추세",22,9450,188,http://www.todayhumor.co.kr/board/view.php?table=bestofbest&no=348210,http://www.todayhumor.co.kr/board/list.php?kind=member&mn=754550
bestofbest,cook,348211,240522,SSumRiDa,2017/07/05 23:14,모 우유에서 비닐 나온 썰,42,19731,153,http://www.todayhumor.co.kr/board/view.php?table=bestofbest&no=348211,http://www.todayhumor.co.kr/board/list.php?kind=member&mn=240522
bestofbest,wedlock,348212,205427,너얼마있니,2017/07/05 23:14,방금 시어머니 외아들 빤스 입혔네요..,44,31110,181,http://www.todayhumor.co.kr/board/view.php?table=bestofbest&no=348212,http://www.todayhumor.co.kr/board/list.php?kind=member&mn=205427
bestofbest,humordata,348213,710958,Zedd_stay,2017/07/05 23:15,모니터에 패드 던져도 됩니다,33,41249,146,http://www.todayhumor.co.kr/board/view.php?table=bestofbest&no=348213,http://www.todayhumor.co.kr/board/list.php?kind=member&mn=710958
bestofbest,sisa,348214,732205,프리스트리퍼,2017/07/05 23:19,역대급이다.,37,24630,380,http://www.todayhumor.co.kr/board/view.php?table=bestofbest&no=348214,http://www.todayhumor.co.kr/board/list.php?kind=member&mn=732205
bestofbest,tvent,348215,562654,댓글만비공감,2017/07/05 23:34,[이웃집 찰스] 난민신청한 카메론 군인 복서.jpg,33,27706,304,http://www.todayhumor.co.kr/board/view.php?table=bestofbest&no=348215,http://www.todayhumor.co.kr/board/list.php?kind=member&mn=562654
bestofbest,sisa,348216,28668,조라,2017/07/05 23:41,[펌] 아니 이걸 서울시가....,23,20511,401,http://www.todayhumor.co.kr/board/view.php?table=bestofbest&no=348216,http://www.todayhumor.co.kr/board/list.php?kind=member&mn=28668
bestofbest,sisa,348217,512732,패러디,2017/07/05 23:58,#위클리문 방미특집+별책부록 완성...^^/,26,4107,169,http://www.todayhumor.co.kr/board/view.php?table=bestofbest&no=348217,http://www.todayhumor.co.kr/board/list.php?kind=member&mn=512732
bestofbest,sisa,348218,131595,기빈투미,2017/07/05 23:59,플래툰 편집장 홍희범씨 페북,10,10747,146,http://www.todayhumor.co.kr/board/view.php?table=bestofbest&no=348218,http://www.todayhumor.co.kr/board/list.php?kind=member&mn=131595
bestofbest,movie,348219,640687,런던첼시,2017/07/06 00:01,스파이더맨 홈커밍의 가장 큰 신선함 요소,33,30175,180,http://www.todayhumor.co.kr/board/view.php?table=bestofbest&no=348219,http://www.todayhumor.co.kr/board/list.php?kind=member&mn=640687
bestofbest,sisa,348220,715655,언제나마음은,2017/07/06 00:01,"문재인 대통령 만난 독일 교민들 ""이니&쑤기 사랑해요"" 환영",20,12365,204,http://www.todayhumor.co.kr/board/view.php?table=bestofbest&no=348220,http://www.todayhumor.co.kr/board/list.php?kind=member&mn=715655
bestofbest,movie,348221,639493,mukjuck,2017/07/06 00:07,스파이더맨을 본 관객들의 상황,46,44689,151,http://www.todayhumor.co.kr/board/view.php?table=bestofbest&no=348221,http://www.todayhumor.co.kr/board/list.php?kind=member&mn=639493
bestofbest,humordata,348222,721220,바레이타,2017/07/06 00:10,요즘 초등학교 4학년 문제,144,39828,213,http://www.todayhumor.co.kr/board/view.php?table=bestofbest&no=348222,http://www.todayhumor.co.kr/board/list.php?kind=member&mn=721220
bestofbest,humordata,348223,736809,미미하루키,2017/07/06 00:10,우리동네 약빤 순대국집 ㅋㅋㅋ,47,47207,327,http://www.todayhumor.co.kr/board/view.php?table=bestofbest&no=348223,http://www.todayhumor.co.kr/board/list.php?kind=member&mn=736809
bestofbest,sisa,348224,438120,냥냥이냥냥,2017/07/06 00:19,대기업 전기되팔아 이익,70,23993,240,http://www.todayhumor.co.kr/board/view.php?table=bestofbest&no=348224,http://www.todayhumor.co.kr/board/list.php?kind=member&mn=438120
bestofbest,humordata,348225,467049,영국남자,2017/07/06 00:23,한국 휴게소에 처음 가본 영국인들의 반응!?! ,37,30041,191,http://www.todayhumor.co.kr/board/view.php?table=bestofbest&no=348225,http://www.todayhumor.co.kr/board/list.php?kind=member&mn=467049
bestofbest,sisa,348226,642377,라이온맨킹,2017/07/06 00:33,[장도리]2017년 7월 6일,18,19023,207,http://www.todayhumor.co.kr/board/view.php?table=bestofbest&no=348226,http://www.todayhumor.co.kr/board/list.php?kind=member&mn=642377
bestofbest,wedlock,348227,118890,아치행님,2017/07/06 00:35,와이프와 리스결정후..,45,45869,147,http://www.todayhumor.co.kr/board/view.php?table=bestofbest&no=348227,http://www.todayhumor.co.kr/board/list.php?kind=member&mn=118890
bestofbest,military,348228,746295,난감해씨,2017/07/06 00:43,게시판을 핑계로 대며 재갈을 물리고 싶어하는 사람들..,87,5826,115,http://www.todayhumor.co.kr/board/view.php?table=bestofbest&no=348228,http://www.todayhumor.co.kr/board/list.php?kind=member&mn=746295
bestofbest,sisa,348229,755594,2016/10/24,2017/07/06 00:46,정의당 의원님아 탁현민씨가 범죄자입니까?,21,7692,188,http://www.todayhumor.co.kr/board/view.php?table=bestofbest&no=348229,http://www.todayhumor.co.kr/board/list.php?kind=member&mn=755594
bestofbest,sisa,348230,546444,그곳에그분이,2017/07/06 00:52,대통령 방독 1일차 이미지들,83,16148,205,http://www.todayhumor.co.kr/board/view.php?table=bestofbest&no=348230,http://www.todayhumor.co.kr/board/list.php?kind=member&mn=546444
bestofbest,humordata,348231,730328,울루랄라울루,2017/07/06 00:53,관우신을 모시는 무당을 보고 든 생각,63,46912,167,http://www.todayhumor.co.kr/board/view.php?table=bestofbest&no=348231,http://www.todayhumor.co.kr/board/list.php?kind=member&mn=730328
bestofbest,star,348232,608697,peacelove,2017/07/06 01:05,역대급이라고 반응 대박난 이효리 방금 컴백무대ㄷㄷ.jpg,48,48569,275,http://www.todayhumor.co.kr/board/view.php?table=bestofbest&no=348232,http://www.todayhumor.co.kr/board/list.php?kind=member&mn=608697
bestofbest,humordata,348233,730673,오오유오,2017/07/06 01:13,왜요?,17,28897,247,http://www.todayhumor.co.kr/board/view.php?table=bestofbest&no=348233,http://www.todayhumor.co.kr/board/list.php?kind=member&mn=730673
bestofbest,sisa,348234,188089,2E땅콩,2017/07/06 01:26,장하성에게 조크 날리는 트럼프,18,24569,306,http://www.todayhumor.co.kr/board/view.php?table=bestofbest&no=348234,http://www.todayhumor.co.kr/board/list.php?kind=member&mn=188089
bestofbest,animal,348235,710054,달다달다,2017/07/06 01:28,남편이 만들어 준 길냥이 집,10,11751,144,http://www.todayhumor.co.kr/board/view.php?table=bestofbest&no=348235,http://www.todayhumor.co.kr/board/list.php?kind=member&mn=710054
bestofbest,sisa,348236,742083,진9,2017/07/06 01:59,독일 영부인끼리 대화,39,29030,263,http://www.todayhumor.co.kr/board/view.php?table=bestofbest&no=348236,http://www.todayhumor.co.kr/board/list.php?kind=member&mn=742083
bestofbest,wedlock,348237,667941,괴물곰,2017/07/06 02:13,남편이 울었다,12,19923,115,http://www.todayhumor.co.kr/board/view.php?table=bestofbest&no=348237,http://www.todayhumor.co.kr/board/list.php?kind=member&mn=667941
bestofbest,star,348238,554546,SEOTAIJI,2017/07/06 02:43,이효리 팬서비스 클라스 ㄷㄷ,21,38067,212,http://www.todayhumor.co.kr/board/view.php?table=bestofbest&no=348238,http://www.todayhumor.co.kr/board/list.php?kind=member&mn=554546
bestofbest,travel,348239,613444,우중낭만,2017/07/06 03:04,한국인 망신 시키러 여행 나오지 마세요..,67,30569,235,http://www.todayhumor.co.kr/board/view.php?table=bestofbest&no=348239,http://www.todayhumor.co.kr/board/list.php?kind=member&mn=613444
bestofbest,humordata,348240,592165,변태or뵨태,2017/07/06 03:05,국산 맥주에 대한 오해,115,41626,173,http://www.todayhumor.co.kr/board/view.php?table=bestofbest&no=348240,http://www.todayhumor.co.kr/board/list.php?kind=member&mn=592165
bestofbest,humordata,348241,566645,얄라리얄라셩,2017/07/06 03:26,뜻밖의 방송종료.gif,33,44050,125,http://www.todayhumor.co.kr/board/view.php?table=bestofbest&no=348241,http://www.todayhumor.co.kr/board/list.php?kind=member&mn=566645
bestofbest,freeboard,348242,110465,라피★,2017/07/06 03:29,거실에 갇혔어요 ㅠ,45,15702,101,http://www.todayhumor.co.kr/board/view.php?table=bestofbest&no=348242,http://www.todayhumor.co.kr/board/list.php?kind=member&mn=110465
bestofbest,panic,348243,740423,azqer,2017/07/06 03:34,펌)))지옥의 고통보다 더 잔인한 정관수술...txt ,45,36550,134,http://www.todayhumor.co.kr/board/view.php?table=bestofbest&no=348243,http://www.todayhumor.co.kr/board/list.php?kind=member&mn=740423
bestofbest,sisa,348244,754945,경수찡,2017/07/06 03:40,오늘 파파이스 김경수 의원 (내용은 뻘글..),23,13712,137,http://www.todayhumor.co.kr/board/view.php?table=bestofbest&no=348244,http://www.todayhumor.co.kr/board/list.php?kind=member&mn=754945
bestofbest,sisa,348245,715655,언제나마음은,2017/07/06 04:01,"박광온 의원 트윗, <소방관 증원을 반대하는 국민의당의 발언이..>",24,9781,223,http://www.todayhumor.co.kr/board/view.php?table=bestofbest&no=348245,http://www.todayhumor.co.kr/board/list.php?kind=member&mn=715655
bestofbest,animal,348246,85477,김변기,2017/07/06 04:09,빠꾸르 고양이 모음 GIF,49,12947,148,http://www.todayhumor.co.kr/board/view.php?table=bestofbest&no=348246,http://www.todayhumor.co.kr/board/list.php?kind=member&mn=85477
bestofbest,sisa,348247,370404,자두먹고싶어,2017/07/06 04:20,이번에 북한에 대응하여 현무 발사한 건 정말 감격적이군요?,26,14878,241,http://www.todayhumor.co.kr/board/view.php?table=bestofbest&no=348247,http://www.todayhumor.co.kr/board/list.php?kind=member&mn=370404
bestofbest,sisa,348248,462813,둥글이8,2017/07/06 04:31,보수들에게 꼭 보여줘야 하는 자료.,14,18709,234,http://www.todayhumor.co.kr/board/view.php?table=bestofbest&no=348248,http://www.todayhumor.co.kr/board/list.php?kind=member&mn=462813
bestofbest,car,348249,748876,아코코야,2017/07/06 04:35,아빠한테 혼났어요ㅋㅋㅋㅋ워셔액이 이런건지 몰랐는데,79,46081,176,http://www.todayhumor.co.kr/board/view.php?table=bestofbest&no=348249,http://www.todayhumor.co.kr/board/list.php?kind=member&mn=748876
bestofbest,animal,348250,368165,분홍색해바라기,2017/07/06 04:48,길냥출신 고먐미의 얼굴 변천사,29,14689,179,http://www.todayhumor.co.kr/board/view.php?table=bestofbest&no=348250,http://www.todayhumor.co.kr/board/list.php?kind=member&mn=368165
bestofbest,humordata,348252,710958,Zedd_stay,2017/07/06 05:02,손금의 생명선 보는 방법,181,51852,156,http://www.todayhumor.co.kr/board/view.php?table=bestofbest&no=348252,http://www.todayhumor.co.kr/board/list.php?kind=member&mn=710958
bestofbest,sisa,348253,619402,quznaj,2017/07/06 06:52,"靑, 문재인 대통령 출국에 비상체제… 불시에 전화 걸어 근무태도 점검, ",24,21268,354,http://www.todayhumor.co.kr/board/view.php?table=bestofbest&no=348253,http://www.todayhumor.co.kr/board/list.php?kind=member&mn=619402
bestofbest,sisa,348254,740020,라이너스담력,2017/07/06 07:51,문재인 대통령 독일 g20 참석 첫날 사진들.,130,19864,260,http://www.todayhumor.co.kr/board/view.php?table=bestofbest&no=348254,http://www.todayhumor.co.kr/board/list.php?kind=member&mn=740020
bestofbest,movie,348255,106107,디에세오스타,2017/07/06 08:09,리얼 보구나서,25,24131,184,http://www.todayhumor.co.kr/board/view.php?table=bestofbest&no=348255,http://www.todayhumor.co.kr/board/list.php?kind=member&mn=106107
bestofbest,tvent,348256,471631,띠로로롱,2017/07/06 08:11,오늘 라스에서 이효리 어록 줄줄이 나오네요. ,43,31238,261,http://www.todayhumor.co.kr/board/view.php?table=bestofbest&no=348256,http://www.todayhumor.co.kr/board/list.php?kind=member&mn=471631
bestofbest,menbung,348257,110274,여자사람1人,2017/07/06 08:19,요리해 먹을려고 1억넘게 들인 당근 훔쳐먹은 사람들...,42,36105,190,http://www.todayhumor.co.kr/board/view.php?table=bestofbest&no=348257,http://www.todayhumor.co.kr/board/list.php?kind=member&mn=110274
bestofbest,humordata,348258,738408,좀비마요,2017/07/06 08:19,버스기사 흥분함,37,48692,130,http://www.todayhumor.co.kr/board/view.php?table=bestofbest&no=348258,http://www.todayhumor.co.kr/board/list.php?kind=member&mn=738408
bestofbest,animal,348259,63095,눈물한스푼,2017/07/06 08:20,사랑과 애정의 힘(화상 사진 있어요),11,8801,198,http://www.todayhumor.co.kr/board/view.php?table=bestofbest&no=348259,http://www.todayhumor.co.kr/board/list.php?kind=member&mn=63095
bestofbest,star,348260,524763,2PM.,2017/07/06 08:20,송송커플의 결혼 발표에 대한 송중기 절친 반응.JPG,27,50970,250,http://www.todayhumor.co.kr/board/view.php?table=bestofbest&no=348260,http://www.todayhumor.co.kr/board/list.php?kind=member&mn=524763
bestofbest,sisa,348261,599276,에릭녀,2017/07/06 08:26,베를린에서 문 대통령님과 악수했어요ㅠㅠ,56,18537,268,http://www.todayhumor.co.kr/board/view.php?table=bestofbest&no=348261,http://www.todayhumor.co.kr/board/list.php?kind=member&mn=599276
bestofbest,sisa,348262,740020,라이너스담력,2017/07/06 08:31,교민들과 인사하는 문재인 대통령과 메르켈 총리,42,13530,227,http://www.todayhumor.co.kr/board/view.php?table=bestofbest&no=348262,http://www.todayhumor.co.kr/board/list.php?kind=member&mn=740020
bestofbest,menbung,348263,397076,Amadeust,2017/07/06 08:33,공익시절 멘붕 썰 몇개 2(약스압),44,10149,150,http://www.todayhumor.co.kr/board/view.php?table=bestofbest&no=348263,http://www.todayhumor.co.kr/board/list.php?kind=member&mn=397076
bestofbest,sisa,348264,715655,언제나마음은,2017/07/06 08:35,"조기숙 교수 페북,  <문재인 대통령의 독일방문에서 이례적인 일>",38,16491,311,http://www.todayhumor.co.kr/board/view.php?table=bestofbest&no=348264,http://www.todayhumor.co.kr/board/list.php?kind=member&mn=715655
bestofbest,lol,348265,451129,그런데말이지,2017/07/06 08:42,친구가 실버로 강등된 후 톡방,15,22002,116,http://www.todayhumor.co.kr/board/view.php?table=bestofbest&no=348265,http://www.todayhumor.co.kr/board/list.php?kind=member&mn=451129
bestofbest,star,348266,85319,소담아린아이,2017/07/06 08:48,"강하늘, 9월 헌병대 입대",42,27630,136,http://www.todayhumor.co.kr/board/view.php?table=bestofbest&no=348266,http://www.todayhumor.co.kr/board/list.php?kind=member&mn=85319
bestofbest,sisa,348267,348987,바쁜백수,2017/07/06 09:01,최경영이 참 악랄하네요.,33,20487,135,http://www.todayhumor.co.kr/board/view.php?table=bestofbest&no=348267,http://www.todayhumor.co.kr/board/list.php?kind=member&mn=348987
bestofbest,sisa,348268,698539,슈크림빵빵,2017/07/06 09:09,전기쟁이로서 원전반대 이유,60,20064,123,http://www.todayhumor.co.kr/board/view.php?table=bestofbest&no=348268,http://www.todayhumor.co.kr/board/list.php?kind=member&mn=698539
bestofbest,economy,348269,740423,azqer,2017/07/06 09:12,	노동자가 왜 천대받아야 하는가?,75,11776,193,http://www.todayhumor.co.kr/board/view.php?table=bestofbest&no=348269,http://www.todayhumor.co.kr/board/list.php?kind=member&mn=740423
bestofbest,beauty,348270,576184,여당유,2017/07/06 09:15,러쉬 프레쉬팩 피부타입별 정리 (펌) ,24,8491,166,http://www.todayhumor.co.kr/board/view.php?table=bestofbest&no=348270,http://www.todayhumor.co.kr/board/list.php?kind=member&mn=576184
bestofbest,menbung,348271,227265,나루약국,2017/07/06 09:28,[혐주의/EGG주의] 마트에서 떡갈비를 샀는데...,91,37629,174,http://www.todayhumor.co.kr/board/view.php?table=bestofbest&no=348271,http://www.todayhumor.co.kr/board/list.php?kind=member&mn=227265
bestofbest,sisa,348272,711518,코볼,2017/07/06 09:28,안철수 같이 소심하고 의리없는 사람이 정치하면 안됩니다.,43,12741,243,http://www.todayhumor.co.kr/board/view.php?table=bestofbest&no=348272,http://www.todayhumor.co.kr/board/list.php?kind=member&mn=711518
bestofbest,humordata,348273,133383,VistaPro,2017/07/06 09:39,아무도 안믿는 한국 동일 성우 甲,60,51229,127,http://www.todayhumor.co.kr/board/view.php?table=bestofbest&no=348273,http://www.todayhumor.co.kr/board/list.php?kind=member&mn=133383
bestofbest,animal,348275,489907,푸딩남작,2017/07/06 10:10,야옹기 근황보고 번외2,6,6979,99,http://www.todayhumor.co.kr/board/view.php?table=bestofbest&no=348275,http://www.todayhumor.co.kr/board/list.php?kind=member&mn=489907
bestofbest,menbung,348276,155462,과달,2017/07/06 10:22,저는 장사하는 사람과 친해지는게 싫습니다.,76,25591,199,http://www.todayhumor.co.kr/board/view.php?table=bestofbest&no=348276,http://www.todayhumor.co.kr/board/list.php?kind=member&mn=155462
bestofbest,humordata,348277,731018,TT,2017/07/06 10:26,"실화주의,더러움주의,그림판주의) 똥꼬털 뽑혀진 썰",52,26147,129,http://www.todayhumor.co.kr/board/view.php?table=bestofbest&no=348277,http://www.todayhumor.co.kr/board/list.php?kind=member&mn=731018
bestofbest,animal,348278,741382,ごめんなさい,2017/07/06 10:26,마당에서 개키우시는 여러분 독버섯 주의하세요. ,25,13548,143,http://www.todayhumor.co.kr/board/view.php?table=bestofbest&no=348278,http://www.todayhumor.co.kr/board/list.php?kind=member&mn=741382
bestofbest,sisa,348279,485082,문재인대통령1,2017/07/06 10:27,"이재용 재판부 ""안종범 수첩, 정황증거로 채택""",20,10014,119,http://www.todayhumor.co.kr/board/view.php?table=bestofbest&no=348279,http://www.todayhumor.co.kr/board/list.php?kind=member&mn=485082
bestofbest,humordata,348280,753367,alnaln,2017/07/06 10:32,주인 뒷담화하는 토끼.jpg,34,36560,144,http://www.todayhumor.co.kr/board/view.php?table=bestofbest&no=348280,http://www.todayhumor.co.kr/board/list.php?kind=member&mn=753367
bestofbest,menbung,348281,800,오유,2017/07/06 10:33,일본 블랙박스.gif,175,44759,186,http://www.todayhumor.co.kr/board/view.php?table=bestofbest&no=348281,http://www.todayhumor.co.kr/board/list.php?kind=member&mn=800
bestofbest,sisa,348282,89672,핑거포스,2017/07/06 10:34,"""송금 특혜에 靑 동원, 최순실이 두려웠다",5,9122,134,http://www.todayhumor.co.kr/board/view.php?table=bestofbest&no=348282,http://www.todayhumor.co.kr/board/list.php?kind=member&mn=89672
bestofbest,sisa,348283,743690,차단풀어주셈,2017/07/06 10:38,서울시에서 원전줄이기 캠페인 한걸 대충 보니...,31,7680,124,http://www.todayhumor.co.kr/board/view.php?table=bestofbest&no=348283,http://www.todayhumor.co.kr/board/list.php?kind=member&mn=743690
bestofbest,menbung,348284,562618,손목에빨간줄,2017/07/06 10:40,알바하다 그냥 뛰쳐나왔어요,63,28013,223,http://www.todayhumor.co.kr/board/view.php?table=bestofbest&no=348284,http://www.todayhumor.co.kr/board/list.php?kind=member&mn=562618
bestofbest,sisa,348285,420554,하워드노,2017/07/06 10:41,국내 발전시장 이해를 돕고자... (Featuring. 원자력),36,8349,122,http://www.todayhumor.co.kr/board/view.php?table=bestofbest&no=348285,http://www.todayhumor.co.kr/board/list.php?kind=member&mn=420554
bestofbest,sisa,348286,352690,디독,2017/07/06 10:44,티비 보다가 문통 보는데 갑자기 울컥하네요 ,5,8445,121,http://www.todayhumor.co.kr/board/view.php?table=bestofbest&no=348286,http://www.todayhumor.co.kr/board/list.php?kind=member&mn=352690
bestofbest,humordata,348287,566645,얄라리얄라셩,2017/07/06 10:53,경찰공무원 합격한 친구를 위한 선물,38,38089,166,http://www.todayhumor.co.kr/board/view.php?table=bestofbest&no=348287,http://www.todayhumor.co.kr/board/list.php?kind=member&mn=566645
bestofbest,sisa,348288,736324,못난이가장,2017/07/06 10:55,이재용 무죄될 거 같네요.,44,19967,262,http://www.todayhumor.co.kr/board/view.php?table=bestofbest&no=348288,http://www.todayhumor.co.kr/board/list.php?kind=member&mn=736324
bestofbest,sisa,348289,288766,월향ss,2017/07/06 10:59,정청래 페북- 한겨레 김정숙 여사님 호칭에 관한...,33,14481,139,http://www.todayhumor.co.kr/board/view.php?table=bestofbest&no=348289,http://www.todayhumor.co.kr/board/list.php?kind=member&mn=288766
bestofbest,sisa,348290,485479,안다쏜,2017/07/06 11:01,"이러려고 정권을 무너뜨렸나, 기레기 정체",28,15263,236,http://www.todayhumor.co.kr/board/view.php?table=bestofbest&no=348290,http://www.todayhumor.co.kr/board/list.php?kind=member&mn=485479
bestofbest,menbung,348291,490518,구미호88,2017/07/06 11:02,진짜 폐암걸리겠어요 ,64,29091,151,http://www.todayhumor.co.kr/board/view.php?table=bestofbest&no=348291,http://www.todayhumor.co.kr/board/list.php?kind=member&mn=490518
bestofbest,tvent,348292,468083,山처럼,2017/07/06 11:02,비긴 어게인을 보며 시청자들이 꼬집는 것에 대해서 개인적인 생각.,43,22388,165,http://www.todayhumor.co.kr/board/view.php?table=bestofbest&no=348292,http://www.todayhumor.co.kr/board/list.php?kind=member&mn=468083
bestofbest,sisa,348293,362906,불건전,2017/07/06 11:13,근데 박전대통령은 왜 주4회가 힘들다고 할까요,23,18420,177,http://www.todayhumor.co.kr/board/view.php?table=bestofbest&no=348293,http://www.todayhumor.co.kr/board/list.php?kind=member&mn=362906
bestofbest,sisa,348294,348426,아마2,2017/07/06 11:13,김정숙 여사께서 저를 펑펑 울리시네요..,21,19339,237,http://www.todayhumor.co.kr/board/view.php?table=bestofbest&no=348294,http://www.todayhumor.co.kr/board/list.php?kind=member&mn=348426
bestofbest,sisa,348295,715655,언제나마음은,2017/07/06 11:27,"이승훈 PD 페북, <전쟁으로 인해 피난민이 된 소년이 있어.>",22,7622,139,http://www.todayhumor.co.kr/board/view.php?table=bestofbest&no=348295,http://www.todayhumor.co.kr/board/list.php?kind=member&mn=715655
bestofbest,sisa,348296,466728,제이앤.,2017/07/06 11:29,'이니' 의 원조,11,11962,127,http://www.todayhumor.co.kr/board/view.php?table=bestofbest&no=348296,http://www.todayhumor.co.kr/board/list.php?kind=member&mn=466728
bestofbest,sisa,348297,546444,그곳에그분이,2017/07/06 11:30,외교부 트윗 -문통 방독 '여러분이 대한민국입니다' 의미,11,8871,168,http://www.todayhumor.co.kr/board/view.php?table=bestofbest&no=348297,http://www.todayhumor.co.kr/board/list.php?kind=member&mn=546444
bestofbest,sisa,348298,543664,단호박킴,2017/07/06 11:30,미스터 함박의 근황(feat.청와대 트위터),41,21151,240,http://www.todayhumor.co.kr/board/view.php?table=bestofbest&no=348298,http://www.todayhumor.co.kr/board/list.php?kind=member&mn=543664
bestofbest,sisa,348299,744610,정복군주,2017/07/06 11:33,[강적] 하태경의원이 보는 국민의당의 현재상태,40,22194,183,http://www.todayhumor.co.kr/board/view.php?table=bestofbest&no=348299,http://www.todayhumor.co.kr/board/list.php?kind=member&mn=744610
bestofbest,movie,348300,447252,탈퇴한회원임,2017/07/06 11:39,시빌워 못 나와서 아직도 삐진 토르.. 그리고 스파이더맨,19,22965,113,http://www.todayhumor.co.kr/board/view.php?table=bestofbest&no=348300,http://www.todayhumor.co.kr/board/list.php?kind=member&mn=447252
bestofbest,diet,348301,592766,시어릭,2017/07/06 11:42,25kg 뺐당 신난다!,34,20898,146,http://www.todayhumor.co.kr/board/view.php?table=bestofbest&no=348301,http://www.todayhumor.co.kr/board/list.php?kind=member&mn=592766
bestofbest,sisa,348302,736983,미스터손,2017/07/06 11:43,"문재인 대통령, 독일 연장군 의장대 사열 영상 떳네요~ㄷㄷㄷ",45,15787,181,http://www.todayhumor.co.kr/board/view.php?table=bestofbest&no=348302,http://www.todayhumor.co.kr/board/list.php?kind=member&mn=736983
bestofbest,menbung,348303,651475,julsegain,2017/07/06 11:48,임신한 며느리에게 피임약 준 시어머니...,107,36074,311,http://www.todayhumor.co.kr/board/view.php?table=bestofbest&no=348303,http://www.todayhumor.co.kr/board/list.php?kind=member&mn=651475
bestofbest,sisa,348304,425608,사닥호,2017/07/06 11:53,얼떨결에 한국 교민들과 인사나눈 메르켈 총리,49,22808,286,http://www.todayhumor.co.kr/board/view.php?table=bestofbest&no=348304,http://www.todayhumor.co.kr/board/list.php?kind=member&mn=425608
bestofbest,humordata,348305,755352,줄리안호랑이,2017/07/06 11:55,수원역 모유수유실,100,56289,206,http://www.todayhumor.co.kr/board/view.php?table=bestofbest&no=348305,http://www.todayhumor.co.kr/board/list.php?kind=member&mn=755352
bestofbest,sisa,348306,684838,게롤트리비아,2017/07/06 12:09,특검의 강력한 무기 ‘안종범 수첩’ 직접 증거능력 없다,34,13426,195,http://www.todayhumor.co.kr/board/view.php?table=bestofbest&no=348306,http://www.todayhumor.co.kr/board/list.php?kind=member&mn=684838
bestofbest,sisa,348307,586554,세노테,2017/07/06 12:21,어떤 인간들이 원전을 옹호하나 봤더니..,34,11615,223,http://www.todayhumor.co.kr/board/view.php?table=bestofbest&no=348307,http://www.todayhumor.co.kr/board/list.php?kind=member&mn=586554
bestofbest,animation,348308,87286,長門有希,2017/07/06 12:25,너의 이름은 더빙판이 욕먹는 이유는,18,15048,132,http://www.todayhumor.co.kr/board/view.php?table=bestofbest&no=348308,http://www.todayhumor.co.kr/board/list.php?kind=member&mn=87286
bestofbest,menbung,348309,63095,눈물한스푼,2017/07/06 12:36,이정도면 맘충이 아니고 배려충일듯...,60,30454,227,http://www.todayhumor.co.kr/board/view.php?table=bestofbest&no=348309,http://www.todayhumor.co.kr/board/list.php?kind=member&mn=63095
bestofbest,sisa,348310,580086,소마늘올리,2017/07/06 12:37,"사람의 일정, 업적이 아름답다고 느껴진적이 처음이네요..",13,9583,160,http://www.todayhumor.co.kr/board/view.php?table=bestofbest&no=348310,http://www.todayhumor.co.kr/board/list.php?kind=member&mn=580086
bestofbest,sisa,348311,715655,언제나마음은,2017/07/06 12:50,"김홍걸 위원장 트윗, <왜 그렇게 탈원전을 강력 반대하는지 알 만합니다>",28,9847,190,http://www.todayhumor.co.kr/board/view.php?table=bestofbest&no=348311,http://www.todayhumor.co.kr/board/list.php?kind=member&mn=715655
bestofbest,sisa,348312,131595,기빈투미,2017/07/06 12:57,"문재인 대통령이 지명한 이효성 방통위 후보자 ""종편 4개 너무 많다.""",34,11846,231,http://www.todayhumor.co.kr/board/view.php?table=bestofbest&no=348312,http://www.todayhumor.co.kr/board/list.php?kind=member&mn=131595
bestofbest,sisa,348313,752307,moonlightou,2017/07/06 13:04,"우리  """"추 "" 언니가 또 한분  설득 하셨네요 ",17,20583,186,http://www.todayhumor.co.kr/board/view.php?table=bestofbest&no=348313,http://www.todayhumor.co.kr/board/list.php?kind=member&mn=752307
bestofbest,animal,348314,747031,붓고또붓고,2017/07/06 13:05,친구집 개 왤케 웃기죠 ㅋㅋㅋㅋㅋㅋ,14,18998,176,http://www.todayhumor.co.kr/board/view.php?table=bestofbest&no=348314,http://www.todayhumor.co.kr/board/list.php?kind=member&mn=747031
bestofbest,sisa,348315,546444,그곳에그분이,2017/07/06 13:08,"청와대 페북글,사진 - 메르켈 총리 회담, 윤이상 묘소 & 영부인들",53,11192,142,http://www.todayhumor.co.kr/board/view.php?table=bestofbest&no=348315,http://www.todayhumor.co.kr/board/list.php?kind=member&mn=546444
bestofbest,sisa,348316,672965,minux,2017/07/06 13:09,"김동철 ""文대통령, 국민의당 시험에 들게 말라"" feat 주기도문",28,12624,169,http://www.todayhumor.co.kr/board/view.php?table=bestofbest&no=348316,http://www.todayhumor.co.kr/board/list.php?kind=member&mn=672965
bestofbest,humordata,348317,755352,줄리안호랑이,2017/07/06 13:11,싸울때 여친이 하는 28가지,158,48139,183,http://www.todayhumor.co.kr/board/view.php?table=bestofbest&no=348317,http://www.todayhumor.co.kr/board/list.php?kind=member&mn=755352
bestofbest,sisa,348318,723810,까만물꼬기,2017/07/06 13:22,미안하지만 여러분 !! 다시 촛불을 들고..........,7,10967,261,http://www.todayhumor.co.kr/board/view.php?table=bestofbest&no=348318,http://www.todayhumor.co.kr/board/list.php?kind=member&mn=723810
bestofbest,sisa,348319,754479,시방시방,2017/07/06 13:26,"오늘의 김어준 생각 ""ICBM은 미국가는데 왜 사드는 한국에?""jpg",38,14633,167,http://www.todayhumor.co.kr/board/view.php?table=bestofbest&no=348319,http://www.todayhumor.co.kr/board/list.php?kind=member&mn=754479
bestofbest,baby,348320,203823,RedPain,2017/07/06 13:28,돈이 문제가 아니라,34,11212,243,http://www.todayhumor.co.kr/board/view.php?table=bestofbest&no=348320,http://www.todayhumor.co.kr/board/list.php?kind=member&mn=203823
bestofbest,sisa,348321,740247,크리톤,2017/07/06 13:28,"문재인 대통령, 한-독 정상 만찬회담",22,14928,154,http://www.todayhumor.co.kr/board/view.php?table=bestofbest&no=348321,http://www.todayhumor.co.kr/board/list.php?kind=member&mn=740247
bestofbest,sisa,348322,702476,워띠,2017/07/06 13:35,탁현민은 욕받이. 탁현민이 무너지면 또다른 욕받이를 찾는다.,20,6423,178,http://www.todayhumor.co.kr/board/view.php?table=bestofbest&no=348322,http://www.todayhumor.co.kr/board/list.php?kind=member&mn=702476
bestofbest,sisa,348323,131595,기빈투미,2017/07/06 13:42,루리웹] 독일 교민 페북,49,19902,426,http://www.todayhumor.co.kr/board/view.php?table=bestofbest&no=348323,http://www.todayhumor.co.kr/board/list.php?kind=member&mn=131595
bestofbest,sisa,348324,734859,missc,2017/07/06 13:50,독일에 진짜 오빠 등장~!!!,17,25122,312,http://www.todayhumor.co.kr/board/view.php?table=bestofbest&no=348324,http://www.todayhumor.co.kr/board/list.php?kind=member&mn=734859
bestofbest,humordata,348325,748608,qoop,2017/07/06 13:52,남자의 고통,65,42819,138,http://www.todayhumor.co.kr/board/view.php?table=bestofbest&no=348325,http://www.todayhumor.co.kr/board/list.php?kind=member&mn=748608
bestofbest,baby,348326,203823,RedPain,2017/07/06 13:52,가장 슬픈 놀이방,26,17597,117,http://www.todayhumor.co.kr/board/view.php?table=bestofbest&no=348326,http://www.todayhumor.co.kr/board/list.php?kind=member&mn=203823
bestofbest,sisa,348327,456551,▶CONTAX_S2◀,2017/07/06 14:02,세상에 개그맨을 부러워하게 될 줄이야..,38,24279,148,http://www.todayhumor.co.kr/board/view.php?table=bestofbest&no=348327,http://www.todayhumor.co.kr/board/list.php?kind=member&mn=456551
bestofbest,sisa,348328,754008,꿀먹은호랑이,2017/07/06 14:09,김용민의 뉴스관장~~,41,13497,161,http://www.todayhumor.co.kr/board/view.php?table=bestofbest&no=348328,http://www.todayhumor.co.kr/board/list.php?kind=member&mn=754008
bestofbest,sisa,348329,546444,그곳에그분이,2017/07/06 14:11,"이낙연 총리 ""야당 '절대불가'라던 강경화 장관 잘하고 있어""  ",17,12421,191,http://www.todayhumor.co.kr/board/view.php?table=bestofbest&no=348329,http://www.todayhumor.co.kr/board/list.php?kind=member&mn=546444
bestofbest,soda,348330,126873,만세만세만만,2017/07/06 14:12,돈떼어 먹은 손놈에게 5년만에 외상값 받았어요 ㅎ,25,22837,315,http://www.todayhumor.co.kr/board/view.php?table=bestofbest&no=348330,http://www.todayhumor.co.kr/board/list.php?kind=member&mn=126873
bestofbest,humordata,348331,706664,운사,2017/07/06 14:29,안녕하세요~CG영상을 제작하는 운사 라고 합니다 ^^,92,13741,175,http://www.todayhumor.co.kr/board/view.php?table=bestofbest&no=348331,http://www.todayhumor.co.kr/board/list.php?kind=member&mn=706664
bestofbest,animal,348332,535513,꾸꾸루루,2017/07/06 14:31,개키우는 사람 공감,40,13210,145,http://www.todayhumor.co.kr/board/view.php?table=bestofbest&no=348332,http://www.todayhumor.co.kr/board/list.php?kind=member&mn=535513
bestofbest,gametalk,348333,228297,사회복지학과,2017/07/06 14:50,오늘은 킹든갓택2의 탄생 1주기 추모식입니다. 경건함을 유지해주세요,68,12640,114,http://www.todayhumor.co.kr/board/view.php?table=bestofbest&no=348333,http://www.todayhumor.co.kr/board/list.php?kind=member&mn=228297
bestofbest,sisa,348334,581527,Lynn,2017/07/06 14:57,"오늘 국당 발끈한거, 추대표와 박지원이 관계 알고보면 더 재미있어요.",23,14327,232,http://www.todayhumor.co.kr/board/view.php?table=bestofbest&no=348334,http://www.todayhumor.co.kr/board/list.php?kind=member&mn=581527
bestofbest,menbung,348335,747721,둠칫쿰칫,2017/07/06 15:02,다양한 코스트코 거지들,83,36638,168,http://www.todayhumor.co.kr/board/view.php?table=bestofbest&no=348335,http://www.todayhumor.co.kr/board/list.php?kind=member&mn=747721
bestofbest,freeboard,348336,256331,으오아아아악,2017/07/06 15:06,저 그냥 부탁드릴게 있는데요..,31,6313,373,http://www.todayhumor.co.kr/board/view.php?table=bestofbest&no=348336,http://www.todayhumor.co.kr/board/list.php?kind=member&mn=256331
bestofbest,menbung,348337,21086,뒷북.매니아,2017/07/06 15:12,맥도날드 알바생이 그만둔 이유.jpg,62,33898,247,http://www.todayhumor.co.kr/board/view.php?table=bestofbest&no=348337,http://www.todayhumor.co.kr/board/list.php?kind=member&mn=21086
bestofbest,sisa,348338,588550,인간의잠재력,2017/07/06 15:13,힘을 보태 주십시오! (펌) 현직 판사가 '블랙리스트' 공개 청원... ,41,6532,175,http://www.todayhumor.co.kr/board/view.php?table=bestofbest&no=348338,http://www.todayhumor.co.kr/board/list.php?kind=member&mn=588550
bestofbest,sisa,348339,492061,카얌카페인,2017/07/06 15:14,"文대통령 보자 울음 터뜨린 고령의 파독 광부, 간호사들",18,17189,210,http://www.todayhumor.co.kr/board/view.php?table=bestofbest&no=348339,http://www.todayhumor.co.kr/board/list.php?kind=member&mn=492061
bestofbest,sisa,348340,754954,변방의오유,2017/07/06 15:22,피자헛 근황,30,27883,202,http://www.todayhumor.co.kr/board/view.php?table=bestofbest&no=348340,http://www.todayhumor.co.kr/board/list.php?kind=member&mn=754954
bestofbest,humordata,348341,605160,치치와보리,2017/07/06 15:30,드루와서 같이 수영하자~!,12,26994,157,http://www.todayhumor.co.kr/board/view.php?table=bestofbest&no=348341,http://www.todayhumor.co.kr/board/list.php?kind=member&mn=605160
bestofbest,sisa,348342,601081,감시비판옹호,2017/07/06 15:33,저명 교수들 원전 기업 주식 보유 드러나,10,10232,216,http://www.todayhumor.co.kr/board/view.php?table=bestofbest&no=348342,http://www.todayhumor.co.kr/board/list.php?kind=member&mn=601081
bestofbest,animal,348343,698249,오리엄마,2017/07/06 15:35,아가씨 아무데서나 주무시면 안돼욧~,26,13124,134,http://www.todayhumor.co.kr/board/view.php?table=bestofbest&no=348343,http://www.todayhumor.co.kr/board/list.php?kind=member&mn=698249
bestofbest,tvent,348344,203823,RedPain,2017/07/06 15:38,이효리의 부부생활 팩트폭행,61,36366,479,http://www.todayhumor.co.kr/board/view.php?table=bestofbest&no=348344,http://www.todayhumor.co.kr/board/list.php?kind=member&mn=203823
bestofbest,sisa,348345,56917,곰돌2,2017/07/06 15:41,"대통령의 순발력과 치밀한 설득력, 대한민국 외교를 이끌다",10,10629,147,http://www.todayhumor.co.kr/board/view.php?table=bestofbest&no=348345,http://www.todayhumor.co.kr/board/list.php?kind=member&mn=56917
bestofbest,sisa,348346,77989,초월차원,2017/07/06 15:47,궁물당 복당하려고 수작부리는거를 추미애가 거부하고 있나봅니다.,34,13476,253,http://www.todayhumor.co.kr/board/view.php?table=bestofbest&no=348346,http://www.todayhumor.co.kr/board/list.php?kind=member&mn=77989
bestofbest,sisa,348347,502031,수다쟁이아짐,2017/07/06 15:52,펌) 국민의당 현재 상황.jpg,14,21792,168,http://www.todayhumor.co.kr/board/view.php?table=bestofbest&no=348347,http://www.todayhumor.co.kr/board/list.php?kind=member&mn=502031
bestofbest,sisa,348348,586554,세노테,2017/07/06 15:52,[펌] 원전 마피아들의 준동,17,11070,141,http://www.todayhumor.co.kr/board/view.php?table=bestofbest&no=348348,http://www.todayhumor.co.kr/board/list.php?kind=member&mn=586554
bestofbest,menbung,348349,743725,하지마리,2017/07/06 15:55,회사 차장님 밥상머리 매너가 멘붕,104,27055,261,http://www.todayhumor.co.kr/board/view.php?table=bestofbest&no=348349,http://www.todayhumor.co.kr/board/list.php?kind=member&mn=743725
bestofbest,sisa,348350,120640,1070,2017/07/06 16:03,이니 하고 싶은거 다해~ 7.5(수) ,7,5173,102,http://www.todayhumor.co.kr/board/view.php?table=bestofbest&no=348350,http://www.todayhumor.co.kr/board/list.php?kind=member&mn=120640
bestofbest,animal,348351,536430,몽믜,2017/07/06 16:07,고양이가 없어진 지 일주일 반,29,12029,157,http://www.todayhumor.co.kr/board/view.php?table=bestofbest&no=348351,http://www.todayhumor.co.kr/board/list.php?kind=member&mn=536430
bestofbest,sisa,348352,120640,1070,2017/07/06 16:12,"""개혁에 저항하면 검사 2100명 사표 받아도 돼"" ",11,14312,162,http://www.todayhumor.co.kr/board/view.php?table=bestofbest&no=348352,http://www.todayhumor.co.kr/board/list.php?kind=member&mn=120640
bestofbest,sisa,348353,745698,더민주킴스,2017/07/06 16:25,김근태는 솔직히 정치인으로는 무능함의 대명사입니다.,54,13430,181,http://www.todayhumor.co.kr/board/view.php?table=bestofbest&no=348353,http://www.todayhumor.co.kr/board/list.php?kind=member&mn=745698
bestofbest,sisa,348354,741650,Ronaldo9,2017/07/06 16:29,국민의당 동교동계를 주목하라! 그리고 추미애를 응원하자!,15,12004,168,http://www.todayhumor.co.kr/board/view.php?table=bestofbest&no=348354,http://www.todayhumor.co.kr/board/list.php?kind=member&mn=741650
bestofbest,sisa,348355,615660,진리1,2017/07/06 16:29,ㅋㅋㅋㅋㅋㅋㅋ순서가 잘 못 됐잖아~,14,9479,189,http://www.todayhumor.co.kr/board/view.php?table=bestofbest&no=348355,http://www.todayhumor.co.kr/board/list.php?kind=member&mn=615660
bestofbest,sisa,348356,715655,언제나마음은,2017/07/06 16:33,"정청래 전 의원,  <추미애 대표가 뭘 잘못했나?>",17,12325,222,http://www.todayhumor.co.kr/board/view.php?table=bestofbest&no=348356,http://www.todayhumor.co.kr/board/list.php?kind=member&mn=715655
bestofbest,travel,348357,288173,야호:D,2017/07/06 16:35,베트남 하이퐁 깟바섬 가시는분들 조심하세여,49,25731,146,http://www.todayhumor.co.kr/board/view.php?table=bestofbest&no=348357,http://www.todayhumor.co.kr/board/list.php?kind=member&mn=288173
bestofbest,humordata,348358,392853,블랙스위치,2017/07/06 16:38,아빠가 아이스크림 사왔다. 얼른나와서 먹어라,134,39102,146,http://www.todayhumor.co.kr/board/view.php?table=bestofbest&no=348358,http://www.todayhumor.co.kr/board/list.php?kind=member&mn=392853
bestofbest,menbung,348359,750754,방방사랑,2017/07/06 16:44,집주인 환장대잔치,20,28354,158,http://www.todayhumor.co.kr/board/view.php?table=bestofbest&no=348359,http://www.todayhumor.co.kr/board/list.php?kind=member&mn=750754
bestofbest,sisa,348360,502031,수다쟁이아짐,2017/07/06 16:45,"역시 추댑!!! 사퇴 요구에 ""놔둬버리자""",40,13391,266,http://www.todayhumor.co.kr/board/view.php?table=bestofbest&no=348360,http://www.todayhumor.co.kr/board/list.php?kind=member&mn=502031
bestofbest,sisa,348361,754954,변방의오유,2017/07/06 16:46,"???[속보]국민의당 ""추미애, 사퇴.사과 없으면 국회일정 협조 안 해""",58,14612,125,http://www.todayhumor.co.kr/board/view.php?table=bestofbest&no=348361,http://www.todayhumor.co.kr/board/list.php?kind=member&mn=754954
bestofbest,sisa,348362,746214,신좌파친노,2017/07/06 16:49,드루와 궁물당 ,22,11617,133,http://www.todayhumor.co.kr/board/view.php?table=bestofbest&no=348362,http://www.todayhumor.co.kr/board/list.php?kind=member&mn=746214
bestofbest,sisa,348363,695419,근봉,2017/07/06 16:52,추미애만 없으면 국민의당 더민주로 복귀할듯,22,14015,235,http://www.todayhumor.co.kr/board/view.php?table=bestofbest&no=348363,http://www.todayhumor.co.kr/board/list.php?kind=member&mn=695419
bestofbest,sisa,348364,753142,치어럽베이비,2017/07/06 16:56,건배사 중 울컥한 파독광부 뉴스영상 ,12,11663,132,http://www.todayhumor.co.kr/board/view.php?table=bestofbest&no=348364,http://www.todayhumor.co.kr/board/list.php?kind=member&mn=753142
bestofbest,animal,348365,333450,성남만세,2017/07/06 16:57,개그맨 김재우 인스타그램,16,23961,217,http://www.todayhumor.co.kr/board/view.php?table=bestofbest&no=348365,http://www.todayhumor.co.kr/board/list.php?kind=member&mn=333450
bestofbest,sisa,348366,547126,쌈미,2017/07/06 16:58,어떡해요...안종범 수첩 증거불충분..이재용 박근혜 무죄방면 될 수도..,12,13407,162,http://www.todayhumor.co.kr/board/view.php?table=bestofbest&no=348366,http://www.todayhumor.co.kr/board/list.php?kind=member&mn=547126
bestofbest,car,348367,262916,푸른촴치,2017/07/06 16:58,빅엿을 시전했습니다,24,26135,166,http://www.todayhumor.co.kr/board/view.php?table=bestofbest&no=348367,http://www.todayhumor.co.kr/board/list.php?kind=member&mn=262916
bestofbest,menbung,348368,83322,치타_바지,2017/07/06 17:04,청와대관람 무개념 멘붕...,57,32558,274,http://www.todayhumor.co.kr/board/view.php?table=bestofbest&no=348368,http://www.todayhumor.co.kr/board/list.php?kind=member&mn=83322
bestofbest,animation,348369,657874,미리내97,2017/07/06 17:08,일반인들이 잘 모르는 짱구는 못말려 더빙 성우의 비밀,41,15932,216,http://www.todayhumor.co.kr/board/view.php?table=bestofbest&no=348369,http://www.todayhumor.co.kr/board/list.php?kind=member&mn=657874
bestofbest,sisa,348370,754954,변방의오유,2017/07/06 17:21,똑똑똑! 여기가 하이마트인가요???,16,13615,152,http://www.todayhumor.co.kr/board/view.php?table=bestofbest&no=348370,http://www.todayhumor.co.kr/board/list.php?kind=member&mn=754954
bestofbest,sisa,348371,722057,집에쌀떨어짐,2017/07/06 17:23,"우상호 ""민주당과 합칠 때 됐다""...당원들 상대로 한번 해보자는건가",97,17289,244,http://www.todayhumor.co.kr/board/view.php?table=bestofbest&no=348371,http://www.todayhumor.co.kr/board/list.php?kind=member&mn=722057
bestofbest,humordata,348372,698294,musemuse,2017/07/06 17:26,펌)  롯데마트 알바생의 패기,40,38641,163,http://www.todayhumor.co.kr/board/view.php?table=bestofbest&no=348372,http://www.todayhumor.co.kr/board/list.php?kind=member&mn=698294
bestofbest,humordata,348373,31404,overtherain,2017/07/06 17:39,최강 인공지능 광고.,19,37388,130,http://www.todayhumor.co.kr/board/view.php?table=bestofbest&no=348373,http://www.todayhumor.co.kr/board/list.php?kind=member&mn=31404
bestofbest,sisa,348374,742482,들풀내음,2017/07/06 17:44,지금은 전쟁중 추미애대표 응원합니다,16,6102,190,http://www.todayhumor.co.kr/board/view.php?table=bestofbest&no=348374,http://www.todayhumor.co.kr/board/list.php?kind=member&mn=742482
bestofbest,camera,348375,116317,이미등록됨,2017/07/06 17:46,[나눔] 미러리스 카메라,127,10767,166,http://www.todayhumor.co.kr/board/view.php?table=bestofbest&no=348375,http://www.todayhumor.co.kr/board/list.php?kind=member&mn=116317
bestofbest,sisa,348376,642377,라이온맨킹,2017/07/06 17:49,"문재인 대통령, 회담장앞 몰려든 교민들과 악수…메르켈도 100ｍ 동행",6,10446,146,http://www.todayhumor.co.kr/board/view.php?table=bestofbest&no=348376,http://www.todayhumor.co.kr/board/list.php?kind=member&mn=642377
bestofbest,animal,348377,63095,눈물한스푼,2017/07/06 17:51,복덩이냥,18,7758,160,http://www.todayhumor.co.kr/board/view.php?table=bestofbest&no=348377,http://www.todayhumor.co.kr/board/list.php?kind=member&mn=63095
bestofbest,soda,348378,203823,RedPain,2017/07/06 17:52,명문사학 연세대 학생회의 위엄,31,27058,368,http://www.todayhumor.co.kr/board/view.php?table=bestofbest&no=348378,http://www.todayhumor.co.kr/board/list.php?kind=member&mn=203823
bestofbest,sisa,348379,415986,아리마코세이,2017/07/06 17:54,더불어 정유련의 유저께서 우원식 대표에게 보낸 문자 답변왔습니다.,13,7362,144,http://www.todayhumor.co.kr/board/view.php?table=bestofbest&no=348379,http://www.todayhumor.co.kr/board/list.php?kind=member&mn=415986
bestofbest,menbung,348380,592165,변태or뵨태,2017/07/06 17:55,문화재 '복원' 해드립니다,58,20929,189,http://www.todayhumor.co.kr/board/view.php?table=bestofbest&no=348380,http://www.todayhumor.co.kr/board/list.php?kind=member&mn=592165
bestofbest,sisa,348381,307330,길가다꽁해쏘,2017/07/06 17:55,궁물당 복당파+내부총질러가 추대표 까는 이유 (개인적인 고찰),16,8532,179,http://www.todayhumor.co.kr/board/view.php?table=bestofbest&no=348381,http://www.todayhumor.co.kr/board/list.php?kind=member&mn=307330
bestofbest,animation,348382,226108,페로페라,2017/07/06 17:57,너의 이름은 더빙 예고편 안타깝네요.,37,11013,114,http://www.todayhumor.co.kr/board/view.php?table=bestofbest&no=348382,http://www.todayhumor.co.kr/board/list.php?kind=member&mn=226108
bestofbest,sisa,348383,733267,whenidream,2017/07/06 17:59,국당이 더민주에 무혈입성 하면 다음 대선은 정동영 시즌2다.,25,7974,188,http://www.todayhumor.co.kr/board/view.php?table=bestofbest&no=348383,http://www.todayhumor.co.kr/board/list.php?kind=member&mn=733267
bestofbest,sisa,348384,105222,TV속빗물,2017/07/06 18:00,추댚도 이니만큼 하고싶은거 다해!!,10,7270,175,http://www.todayhumor.co.kr/board/view.php?table=bestofbest&no=348384,http://www.todayhumor.co.kr/board/list.php?kind=member&mn=105222
bestofbest,wedlock,348385,297280,없대연봉,2017/07/06 18:07,와이프 출장가면,23,20308,170,http://www.todayhumor.co.kr/board/view.php?table=bestofbest&no=348385,http://www.todayhumor.co.kr/board/list.php?kind=member&mn=297280
bestofbest,sisa,348386,754954,변방의오유,2017/07/06 18:07,"??? 국민의당 김동철 ""추미애, 진작 정치권 떠났어야..정계은퇴 촉구""",35,8964,158,http://www.todayhumor.co.kr/board/view.php?table=bestofbest&no=348386,http://www.todayhumor.co.kr/board/list.php?kind=member&mn=754954
bestofbest,star,348387,433917,좋은연인,2017/07/06 18:09,"김영철, 文대통령 전용기 타고 간 독일서 '따르릉' 열창",41,28045,204,http://www.todayhumor.co.kr/board/view.php?table=bestofbest&no=348387,http://www.todayhumor.co.kr/board/list.php?kind=member&mn=433917
bestofbest,gametalk,348388,237999,피그남작,2017/07/06 18:13,GTA5 땜시 베오베간썰.,12,13742,94,http://www.todayhumor.co.kr/board/view.php?table=bestofbest&no=348388,http://www.todayhumor.co.kr/board/list.php?kind=member&mn=237999
bestofbest,society,348389,56699,초거성,2017/07/06 18:14,영업? 열심히만 한다고 잘 되는건가?,7,6273,77,http://www.todayhumor.co.kr/board/view.php?table=bestofbest&no=348389,http://www.todayhumor.co.kr/board/list.php?kind=member&mn=56699
bestofbest,animation,348390,442575,小石,2017/07/06 18:18,흔한 일본애니 원작 영화 촬영장면.gif,60,24324,137,http://www.todayhumor.co.kr/board/view.php?table=bestofbest&no=348390,http://www.todayhumor.co.kr/board/list.php?kind=member&mn=442575
bestofbest,humordata,348391,502031,수다쟁이아짐,2017/07/06 18:21,역.대.급 교회 신학대학원 오빠..,107,45690,249,http://www.todayhumor.co.kr/board/view.php?table=bestofbest&no=348391,http://www.todayhumor.co.kr/board/list.php?kind=member&mn=502031
bestofbest,sisa,348392,452503,봄의천국,2017/07/06 18:33,이니하고 싶은대로 하랬지. 우상호야 당원들이 니맘대로 하라곤 안했다,20,6049,183,http://www.todayhumor.co.kr/board/view.php?table=bestofbest&no=348392,http://www.todayhumor.co.kr/board/list.php?kind=member&mn=452503
bestofbest,sisa,348393,715612,팩폭러,2017/07/06 18:35,정의당은 탁현민한테 그만 엉기고 노회찬이나 제명하라!,12,9666,140,http://www.todayhumor.co.kr/board/view.php?table=bestofbest&no=348393,http://www.todayhumor.co.kr/board/list.php?kind=member&mn=715612
bestofbest,sisa,348394,390485,VKU,2017/07/06 18:35,부산 신고리원전 여론조사중입니다. 찬성이 54프로네요,64,8414,167,http://www.todayhumor.co.kr/board/view.php?table=bestofbest&no=348394,http://www.todayhumor.co.kr/board/list.php?kind=member&mn=390485
bestofbest,sisa,348395,445657,달빛중독자,2017/07/06 18:36,최근 청와대 앞길 근황.jpg,44,25073,307,http://www.todayhumor.co.kr/board/view.php?table=bestofbest&no=348395,http://www.todayhumor.co.kr/board/list.php?kind=member&mn=445657
bestofbest,animal,348396,329133,으랏찻차,2017/07/06 18:41,혹시 아이 데려가주실 수 있는분 있나요..?ㅠ,12,10320,131,http://www.todayhumor.co.kr/board/view.php?table=bestofbest&no=348396,http://www.todayhumor.co.kr/board/list.php?kind=member&mn=329133
bestofbest,humordata,348397,152129,하빈다,2017/07/06 18:42,무고죄 레젼드,22,45479,190,http://www.todayhumor.co.kr/board/view.php?table=bestofbest&no=348397,http://www.todayhumor.co.kr/board/list.php?kind=member&mn=152129
bestofbest,comics,348398,598654,배고프ㄷr,2017/07/06 18:43,헉 대박사건!! 모두 다같이 '곱게자란자식' 정주행합시다!!,31,19317,146,http://www.todayhumor.co.kr/board/view.php?table=bestofbest&no=348398,http://www.todayhumor.co.kr/board/list.php?kind=member&mn=598654
bestofbest,sisa,348399,749387,압구정닭,2017/07/06 18:49,탁현민논란,30,7942,127,http://www.todayhumor.co.kr/board/view.php?table=bestofbest&no=348399,http://www.todayhumor.co.kr/board/list.php?kind=member&mn=749387
bestofbest,humordata,348400,203823,RedPain,2017/07/06 18:51,여자들이 싫어하는 선톡,74,44558,228,http://www.todayhumor.co.kr/board/view.php?table=bestofbest&no=348400,http://www.todayhumor.co.kr/board/list.php?kind=member&mn=203823
bestofbest,sisa,348401,745949,막머거써,2017/07/06 18:53,우상호 전원내대표는 탈당해서 국민의당으로 가세요,62,10188,222,http://www.todayhumor.co.kr/board/view.php?table=bestofbest&no=348401,http://www.todayhumor.co.kr/board/list.php?kind=member&mn=745949
bestofbest,sisa,348402,754954,변방의오유,2017/07/06 18:54,기레기들이 추미애 잘못으로 몰아가고 있네요 ,36,8282,123,http://www.todayhumor.co.kr/board/view.php?table=bestofbest&no=348402,http://www.todayhumor.co.kr/board/list.php?kind=member&mn=754954
bestofbest,sisa,348403,727582,통성명은.무슨,2017/07/06 18:56,국당 복귀하려는 이유: 지선 공천 장사 하려고?,17,7653,181,http://www.todayhumor.co.kr/board/view.php?table=bestofbest&no=348403,http://www.todayhumor.co.kr/board/list.php?kind=member&mn=727582
bestofbest,sisa,348404,723095,슈파슈퍼,2017/07/06 18:56,"우원식 ""秋 머리자르기 발언, 곤혹스러워""…난처함 표시",41,12065,179,http://www.todayhumor.co.kr/board/view.php?table=bestofbest&no=348404,http://www.todayhumor.co.kr/board/list.php?kind=member&mn=723095
bestofbest,sisa,348405,425608,사닥호,2017/07/06 19:16,"""삼성도 아니고 LG 출신이 장관을…"" 어느 자유한국당 의원의 질문",49,20123,234,http://www.todayhumor.co.kr/board/view.php?table=bestofbest&no=348405,http://www.todayhumor.co.kr/board/list.php?kind=member&mn=425608
bestofbest,deca,348406,752736,우주왕스타킹,2017/07/06 19:19,한창 카메라들고 멋모르고 설치던 시절 찍었던 사진 몇장..,43,14187,157,http://www.todayhumor.co.kr/board/view.php?table=bestofbest&no=348406,http://www.todayhumor.co.kr/board/list.php?kind=member&mn=752736
bestofbest,humordata,348407,129297,당직사관,2017/07/06 19:20,크.....!! 취한다!!,24,29092,101,http://www.todayhumor.co.kr/board/view.php?table=bestofbest&no=348407,http://www.todayhumor.co.kr/board/list.php?kind=member&mn=129297
bestofbest,humordata,348408,753367,alnaln,2017/07/06 19:33,아이들이 먹을걸로 싸울때 대처법.jpg,63,32050,358,http://www.todayhumor.co.kr/board/view.php?table=bestofbest&no=348408,http://www.todayhumor.co.kr/board/list.php?kind=member&mn=753367
bestofbest,sisa,348409,745463,직업이설명충,2017/07/06 19:33,추미애 강경발언은 당 내부를 겨냥한 것이라 생각.,27,9388,216,http://www.todayhumor.co.kr/board/view.php?table=bestofbest&no=348409,http://www.todayhumor.co.kr/board/list.php?kind=member&mn=745463
bestofbest,menbung,348410,592165,변태or뵨태,2017/07/06 19:36,JTBC 또 도촬했다,22,27302,157,http://www.todayhumor.co.kr/board/view.php?table=bestofbest&no=348410,http://www.todayhumor.co.kr/board/list.php?kind=member&mn=592165
bestofbest,menbung,348411,203823,RedPain,2017/07/06 19:36,원룸 장사꾼들 근황,44,39339,243,http://www.todayhumor.co.kr/board/view.php?table=bestofbest&no=348411,http://www.todayhumor.co.kr/board/list.php?kind=member&mn=203823
bestofbest,humordata,348412,592165,변태or뵨태,2017/07/06 19:42,싸우는 아가 펭귄들,41,30403,167,http://www.todayhumor.co.kr/board/view.php?table=bestofbest&no=348412,http://www.todayhumor.co.kr/board/list.php?kind=member&mn=592165
bestofbest,sisa,348413,361646,나는87학번,2017/07/06 19:46,우상호한테  메일보냈습니다,10,7894,169,http://www.todayhumor.co.kr/board/view.php?table=bestofbest&no=348413,http://www.todayhumor.co.kr/board/list.php?kind=member&mn=361646
bestofbest,animal,348414,369961,주비재규,2017/07/06 19:49,아빠 왔다~~~!!,22,10586,147,http://www.todayhumor.co.kr/board/view.php?table=bestofbest&no=348414,http://www.todayhumor.co.kr/board/list.php?kind=member&mn=369961
bestofbest,sisa,348415,671737,병진이세요,2017/07/06 19:54,우원식과 추미애 대표에게 문자행동 합시다.,13,8344,150,http://www.todayhumor.co.kr/board/view.php?table=bestofbest&no=348415,http://www.todayhumor.co.kr/board/list.php?kind=member&mn=671737
bestofbest,sisa,348416,11173,다뎀벼,2017/07/06 19:56,문재인과 메르켈... 이 두 거인의 만남이란...,5,12663,193,http://www.todayhumor.co.kr/board/view.php?table=bestofbest&no=348416,http://www.todayhumor.co.kr/board/list.php?kind=member&mn=11173
bestofbest,soda,348417,128253,고약한하르방,2017/07/06 19:56,빛공해 민원후기,38,20013,429,http://www.todayhumor.co.kr/board/view.php?table=bestofbest&no=348417,http://www.todayhumor.co.kr/board/list.php?kind=member&mn=128253
bestofbest,sisa,348418,743395,원리원칙,2017/07/06 20:17,국민의당과 합치자는 (우상호) 게시판 상황,62,17304,245,http://www.todayhumor.co.kr/board/view.php?table=bestofbest&no=348418,http://www.todayhumor.co.kr/board/list.php?kind=member&mn=743395
bestofbest,sisa,348419,707725,범버동자,2017/07/06 20:19,"추미애 “국민께 약속드린 정책, 실현될 때까지 당청 찰떡공조 해야”",17,4935,177,http://www.todayhumor.co.kr/board/view.php?table=bestofbest&no=348419,http://www.todayhumor.co.kr/board/list.php?kind=member&mn=707725
bestofbest,sisa,348420,58651,바람의이야기,2017/07/06 20:23,"현직 판사의 '블랙리스트' 공개 청원... ""배수진 치는 심정"" (서명 ",12,7152,142,http://www.todayhumor.co.kr/board/view.php?table=bestofbest&no=348420,http://www.todayhumor.co.kr/board/list.php?kind=member&mn=58651
bestofbest,humordata,348421,63095,눈물한스푼,2017/07/06 20:27,수돗물을 못 마시는 결정적인 이유,57,40242,281,http://www.todayhumor.co.kr/board/view.php?table=bestofbest&no=348421,http://www.todayhumor.co.kr/board/list.php?kind=member&mn=63095
bestofbest,sisa,348422,713199,구찌입니다,2017/07/06 20:29,마치 추미애가 잘못한것 마냥 ...쓰레기 언론들아,11,7073,176,http://www.todayhumor.co.kr/board/view.php?table=bestofbest&no=348422,http://www.todayhumor.co.kr/board/list.php?kind=member&mn=713199
bestofbest,selfshot,348423,614079,토실토실2,2017/07/06 20:45,시스루는 사랑입니다❤️,97,32018,202,http://www.todayhumor.co.kr/board/view.php?table=bestofbest&no=348423,http://www.todayhumor.co.kr/board/list.php?kind=member&mn=614079
bestofbest,sisa,348424,144477,진하늘,2017/07/06 20:50,오늘 기분 안좋은 일 있었는데 명왕 덕질로 ....,10,6879,109,http://www.todayhumor.co.kr/board/view.php?table=bestofbest&no=348424,http://www.todayhumor.co.kr/board/list.php?kind=member&mn=144477
bestofbest,car,348425,261624,쉬룐,2017/07/06 20:50,위험한 차량 운전자,131,29192,131,http://www.todayhumor.co.kr/board/view.php?table=bestofbest&no=348425,http://www.todayhumor.co.kr/board/list.php?kind=member&mn=261624
bestofbest,sisa,348426,750305,가로줄무늬,2017/07/06 20:50,추대표님 국민만 보고 가세요,15,4553,191,http://www.todayhumor.co.kr/board/view.php?table=bestofbest&no=348426,http://www.todayhumor.co.kr/board/list.php?kind=member&mn=750305
bestofbest,freeboard,348427,2887,음..난마귀,2017/07/06 20:52,사촌동생이랑 술먹고 오뎅사먹다가 황당한 ㅊㅈ랑 싸울뻔한 썰.txt,30,15720,166,http://www.todayhumor.co.kr/board/view.php?table=bestofbest&no=348427,http://www.todayhumor.co.kr/board/list.php?kind=member&mn=2887
bestofbest,love,348428,757092,플레이,2017/07/06 20:53,"어제, 29년만에 첫 연애를 하게 된 남자사람입니다.",80,14481,114,http://www.todayhumor.co.kr/board/view.php?table=bestofbest&no=348428,http://www.todayhumor.co.kr/board/list.php?kind=member&mn=757092
bestofbest,menbung,348429,503375,돼지가꿀꿀꿀,2017/07/06 20:54,절도범들 때문에 내 고향이 망가지고 있다,31,13900,210,http://www.todayhumor.co.kr/board/view.php?table=bestofbest&no=348429,http://www.todayhumor.co.kr/board/list.php?kind=member&mn=503375
bestofbest,sisa,348430,731248,비밀요원,2017/07/06 20:54,광주시민인데요. 국당 받아주면 더민주당 지지 철회하겠습니다.,50,9605,228,http://www.todayhumor.co.kr/board/view.php?table=bestofbest&no=348430,http://www.todayhumor.co.kr/board/list.php?kind=member&mn=731248
bestofbest,sisa,348431,700284,이변연돌,2017/07/06 20:56,'국회 보이콧' 국민의당 홈피 '비난글'쇄도,17,13486,257,http://www.todayhumor.co.kr/board/view.php?table=bestofbest&no=348431,http://www.todayhumor.co.kr/board/list.php?kind=member&mn=700284
bestofbest,humordata,348432,300659,Hyginus,2017/07/06 20:56,장마 전선.jpg,63,40023,160,http://www.todayhumor.co.kr/board/view.php?table=bestofbest&no=348432,http://www.todayhumor.co.kr/board/list.php?kind=member&mn=300659
bestofbest,military,348433,203823,RedPain,2017/07/06 21:07,어느 웹툰 작가의 기나긴 기다림의 복수...,19,22712,131,http://www.todayhumor.co.kr/board/view.php?table=bestofbest&no=348433,http://www.todayhumor.co.kr/board/list.php?kind=member&mn=203823
bestofbest,humordata,348434,164414,이브라하브라,2017/07/06 21:08,고양이 그렸는데 0점받음,36,30132,259,http://www.todayhumor.co.kr/board/view.php?table=bestofbest&no=348434,http://www.todayhumor.co.kr/board/list.php?kind=member&mn=164414
bestofbest,menbung,348435,63095,눈물한스푼,2017/07/06 21:09,변호사도 사람......,34,27569,138,http://www.todayhumor.co.kr/board/view.php?table=bestofbest&no=348435,http://www.todayhumor.co.kr/board/list.php?kind=member&mn=63095
bestofbest,sisa,348436,715655,언제나마음은,2017/07/06 21:10,"전우용 역사학자 트윗, <이런 주장을 믿으라는 건가요? 국민의당 여러분>",7,8406,222,http://www.todayhumor.co.kr/board/view.php?table=bestofbest&no=348436,http://www.todayhumor.co.kr/board/list.php?kind=member&mn=715655
bestofbest,sisa,348437,584193,행복한척하자,2017/07/06 21:11,내 평생에 대통령 많이 봤는데,21,14349,219,http://www.todayhumor.co.kr/board/view.php?table=bestofbest&no=348437,http://www.todayhumor.co.kr/board/list.php?kind=member&mn=584193
bestofbest,sisa,348438,715655,언제나마음은,2017/07/06 21:20,"박광온 의원 트윗, <가해정당이 버럭 하는 것은 주객이 뒤바뀐 꼴입니다>",10,5266,144,http://www.todayhumor.co.kr/board/view.php?table=bestofbest&no=348438,http://www.todayhumor.co.kr/board/list.php?kind=member&mn=715655
bestofbest,humordata,348439,445171,먹다남은치즈,2017/07/06 21:26,말도안되는 트집에 일침ㅋㅋㅋㅋ,19,33679,206,http://www.todayhumor.co.kr/board/view.php?table=bestofbest&no=348439,http://www.todayhumor.co.kr/board/list.php?kind=member&mn=445171
bestofbest,humordata,348440,753367,alnaln,2017/07/06 21:27,좀비게임을 할때 안 잡히는 방법.jpg,28,37895,184,http://www.todayhumor.co.kr/board/view.php?table=bestofbest&no=348440,http://www.todayhumor.co.kr/board/list.php?kind=member&mn=753367
bestofbest,sisa,348441,485479,안다쏜,2017/07/06 21:39,김어준 뉴스 공장 부작용,75,22643,155,http://www.todayhumor.co.kr/board/view.php?table=bestofbest&no=348441,http://www.todayhumor.co.kr/board/list.php?kind=member&mn=485479
bestofbest,sisa,348442,755005,anitya,2017/07/06 21:47,추대표의 강경발언을 지지합니다~!,29,6391,200,http://www.todayhumor.co.kr/board/view.php?table=bestofbest&no=348442,http://www.todayhumor.co.kr/board/list.php?kind=member&mn=755005
bestofbest,star,348443,608697,peacelove,2017/07/06 21:50,어제 이효리가 제주도서 결혼생활하는 이유 밝혀낸 윤종신.jpg,27,41490,226,http://www.todayhumor.co.kr/board/view.php?table=bestofbest&no=348443,http://www.todayhumor.co.kr/board/list.php?kind=member&mn=608697
bestofbest,freeboard,348444,757150,탱구핑구,2017/07/06 21:51,중고나라나 번개장터에 이물건이 올라오면 제보 부탁드립니다.,26,21093,217,http://www.todayhumor.co.kr/board/view.php?table=bestofbest&no=348444,http://www.todayhumor.co.kr/board/list.php?kind=member&mn=757150
bestofbest,sisa,348445,649267,coldman,2017/07/06 21:52,국당 복당요?? 하하하하,16,9623,189,http://www.todayhumor.co.kr/board/view.php?table=bestofbest&no=348445,http://www.todayhumor.co.kr/board/list.php?kind=member&mn=649267
bestofbest,sisa,348447,715655,언제나마음은,2017/07/06 21:57,"김홍걸 위원장 트윗, <국민의당 의원들이 주제파악을 못하고 있네요.>",17,8591,201,http://www.todayhumor.co.kr/board/view.php?table=bestofbest&no=348447,http://www.todayhumor.co.kr/board/list.php?kind=member&mn=715655
bestofbest,menbung,348448,757124,starhucks,2017/07/06 22:04,"벽걸이 에어컨은 71만원, 설치비는 39만원?",110,30658,184,http://www.todayhumor.co.kr/board/view.php?table=bestofbest&no=348448,http://www.todayhumor.co.kr/board/list.php?kind=member&mn=757124
bestofbest,sisa,348449,740020,라이너스담력,2017/07/06 22:05,문재인 대통령과 시진핑(시진핑 원래 잘 웃나요?),32,19254,156,http://www.todayhumor.co.kr/board/view.php?table=bestofbest&no=348449,http://www.todayhumor.co.kr/board/list.php?kind=member&mn=740020
bestofbest,sisa,348450,716357,울트라샷,2017/07/06 22:06,문대통령 베를린연설중 (단한번도 연설문 보지않고  연설중이심),19,11292,157,http://www.todayhumor.co.kr/board/view.php?table=bestofbest&no=348450,http://www.todayhumor.co.kr/board/list.php?kind=member&mn=716357
bestofbest,sisa,348451,753603,깜장양말,2017/07/06 22:11,3철>안경환>조국>추대표로 이어지는 측근 내치기,8,9069,198,http://www.todayhumor.co.kr/board/view.php?table=bestofbest&no=348451,http://www.todayhumor.co.kr/board/list.php?kind=member&mn=753603
bestofbest,sisa,348452,669436,루다날개,2017/07/06 22:12,[전문] 문재인 대통령 베를린 쾨르버 연설문 전문,18,6932,123,http://www.todayhumor.co.kr/board/view.php?table=bestofbest&no=348452,http://www.todayhumor.co.kr/board/list.php?kind=member&mn=669436
bestofbest,sisa,348453,26125,지식인의혜안,2017/07/06 22:23,합당하지말고 박주민 의원 같은분 40명 뽑으면 되쟈네요 ,18,7566,212,http://www.todayhumor.co.kr/board/view.php?table=bestofbest&no=348453,http://www.todayhumor.co.kr/board/list.php?kind=member&mn=26125
bestofbest,animal,348454,737728,쵸콜라,2017/07/06 22:31,생선캔 따는 소리.gif,16,16128,177,http://www.todayhumor.co.kr/board/view.php?table=bestofbest&no=348454,http://www.todayhumor.co.kr/board/list.php?kind=member&mn=737728
bestofbest,sisa,348455,736674,인디존,2017/07/06 22:36,뉴스룸 드러운 짓거리는 매일 계속되네요.,46,14567,231,http://www.todayhumor.co.kr/board/view.php?table=bestofbest&no=348455,http://www.todayhumor.co.kr/board/list.php?kind=member&mn=736674
bestofbest,star,348456,555371,스테인플러,2017/07/06 22:41,아이돌그룹 멤버가 성폭행,47,51354,137,http://www.todayhumor.co.kr/board/view.php?table=bestofbest&no=348456,http://www.todayhumor.co.kr/board/list.php?kind=member&mn=555371
bestofbest,sisa,348458,285187,골드마스크,2017/07/06 22:42,여러분. 아무래도 우리는 역사의 변곡점 위에 서 있는 듯 합니다..,15,9038,174,http://www.todayhumor.co.kr/board/view.php?table=bestofbest&no=348458,http://www.todayhumor.co.kr/board/list.php?kind=member&mn=285187
bestofbest,sisa,348459,485479,안다쏜,2017/07/06 22:47,아베와 명왕 그리고 503,16,15844,140,http://www.todayhumor.co.kr/board/view.php?table=bestofbest&no=348459,http://www.todayhumor.co.kr/board/list.php?kind=member&mn=485479
bestofbest,animal,348460,422820,나리나리뽕,2017/07/06 22:47,골든 리트리버 키워주실 분 계실까요?,37,16030,139,http://www.todayhumor.co.kr/board/view.php?table=bestofbest&no=348460,http://www.todayhumor.co.kr/board/list.php?kind=member&mn=422820
bestofbest,sisa,348461,751517,곰징어,2017/07/06 22:48,민주당 내부 총질러들 정신 못차리고 있네요.,17,9298,196,http://www.todayhumor.co.kr/board/view.php?table=bestofbest&no=348461,http://www.todayhumor.co.kr/board/list.php?kind=member&mn=751517
bestofbest,sisa,348462,670876,어용누리꾼,2017/07/06 22:48,민주당쪽 아는사람한테 들은 얘기,62,19069,482,http://www.todayhumor.co.kr/board/view.php?table=bestofbest&no=348462,http://www.todayhumor.co.kr/board/list.php?kind=member&mn=670876
bestofbest,sisa,348463,61964,붉은십자군,2017/07/06 22:54,[꾸준글] 남양주병 주광덕 판결문 불법유출,19,5742,216,http://www.todayhumor.co.kr/board/view.php?table=bestofbest&no=348463,http://www.todayhumor.co.kr/board/list.php?kind=member&mn=61964
bestofbest,sisa,348464,454173,shinejade,2017/07/06 22:57,??? : 우상호씨 잘하셨습니다 그대로 동조자 모이면,11,11691,146,http://www.todayhumor.co.kr/board/view.php?table=bestofbest&no=348464,http://www.todayhumor.co.kr/board/list.php?kind=member&mn=454173
bestofbest,sisa,348465,624366,만약만약,2017/07/06 23:00,안철수 팩폭 카툰,13,19147,172,http://www.todayhumor.co.kr/board/view.php?table=bestofbest&no=348465,http://www.todayhumor.co.kr/board/list.php?kind=member&mn=624366
bestofbest,love,348466,563940,ㅇㄷㅇㄷㅇㄷ,2017/07/06 23:02,착한남자가 짱임,78,31172,202,http://www.todayhumor.co.kr/board/view.php?table=bestofbest&no=348466,http://www.todayhumor.co.kr/board/list.php?kind=member&mn=563940
bestofbest,sisa,348467,706216,TEHANU,2017/07/06 23:06,기레기들의 제목뽑기는 진짜 치가 떨립니다. ,23,12591,178,http://www.todayhumor.co.kr/board/view.php?table=bestofbest&no=348467,http://www.todayhumor.co.kr/board/list.php?kind=member&mn=706216
bestofbest,sisa,348468,429659,추태산발호미,2017/07/06 23:07, 국민을 바라보고 정치하라고 우상호 의원씨,20,10436,157,http://www.todayhumor.co.kr/board/view.php?table=bestofbest&no=348468,http://www.todayhumor.co.kr/board/list.php?kind=member&mn=429659
bestofbest,animal,348469,600139,分福茶釜,2017/07/06 23:16,“강아지 훈련사라고 속이고 가서 사람을 교육하는 거죠”,32,18436,220,http://www.todayhumor.co.kr/board/view.php?table=bestofbest&no=348469,http://www.todayhumor.co.kr/board/list.php?kind=member&mn=600139
bestofbest,sisa,348470,715655,언제나마음은,2017/07/06 23:17,"변상욱 기자 트윗,  <한미정상회담 이후 이 뉴스가 더 의심받는건>",6,10487,174,http://www.todayhumor.co.kr/board/view.php?table=bestofbest&no=348470,http://www.todayhumor.co.kr/board/list.php?kind=member&mn=715655
bestofbest,art,348471,575043,살렘,2017/07/06 23:18,아랍(요르단) 친구 중 금손이 있어서 작품을 몇개 올려요~ ,32,18177,176,http://www.todayhumor.co.kr/board/view.php?table=bestofbest&no=348471,http://www.todayhumor.co.kr/board/list.php?kind=member&mn=575043
bestofbest,cook,348472,134868,GoldGuTo,2017/07/06 23:24,요즘 라면들 특징,64,36471,281,http://www.todayhumor.co.kr/board/view.php?table=bestofbest&no=348472,http://www.todayhumor.co.kr/board/list.php?kind=member&mn=134868
bestofbest,sisa,348473,667806,드림팩환님,2017/07/06 23:27,나라다운 나라의 대통령...,8,12605,147,http://www.todayhumor.co.kr/board/view.php?table=bestofbest&no=348473,http://www.todayhumor.co.kr/board/list.php?kind=member&mn=667806
bestofbest,sisa,348474,567315,투더스카이,2017/07/06 23:28,"""한국 국민 부럽다"" 文대통령 다녀간 나라 주민들 반응",19,22692,244,http://www.todayhumor.co.kr/board/view.php?table=bestofbest&no=348474,http://www.todayhumor.co.kr/board/list.php?kind=member&mn=567315
bestofbest,sisa,348475,646938,테디베어박물관,2017/07/06 23:43,1년 앞으로 다가온 지방선거... 경남 민주당 입당 줄이어,21,12189,160,http://www.todayhumor.co.kr/board/view.php?table=bestofbest&no=348475,http://www.todayhumor.co.kr/board/list.php?kind=member&mn=646938
bestofbest,sisa,348476,81745,gallow,2017/07/06 23:44,스포트라이트 이후 정국 예상,16,15865,223,http://www.todayhumor.co.kr/board/view.php?table=bestofbest&no=348476,http://www.todayhumor.co.kr/board/list.php?kind=member&mn=81745
bestofbest,wedlock,348477,120953,허랴디아,2017/07/06 23:56,와이프가 밤마다 지랄해요,112,45400,227,http://www.todayhumor.co.kr/board/view.php?table=bestofbest&no=348477,http://www.todayhumor.co.kr/board/list.php?kind=member&mn=120953
bestofbest,beauty,348478,83540,접니다저에요,2017/07/06 23:57,대참사)뷰러찝다가 속눈썹 다날려먹었습니다+속눈썹연장,38,14894,177,http://www.todayhumor.co.kr/board/view.php?table=bestofbest&no=348478,http://www.todayhumor.co.kr/board/list.php?kind=member&mn=83540
bestofbest,sisa,348479,461314,Ludwig.W,2017/07/07 00:17,우상호 '합당'발언..참내..,36,15471,280,http://www.todayhumor.co.kr/board/view.php?table=bestofbest&no=348479,http://www.todayhumor.co.kr/board/list.php?kind=member&mn=461314
bestofbest,sisa,348480,542985,mp12,2017/07/07 00:28,썰전 소감,48,18085,211,http://www.todayhumor.co.kr/board/view.php?table=bestofbest&no=348480,http://www.todayhumor.co.kr/board/list.php?kind=member&mn=542985
bestofbest,sisa,348481,611366,인간종족1렙,2017/07/07 00:29,우상호 홈페이지 터졌습니다,45,22116,191,http://www.todayhumor.co.kr/board/view.php?table=bestofbest&no=348481,http://www.todayhumor.co.kr/board/list.php?kind=member&mn=611366
bestofbest,star,348482,131742,꼬부기냥,2017/07/07 00:39,하시모토 칸나 할로윈 코스프레 레전드,49,36943,161,http://www.todayhumor.co.kr/board/view.php?table=bestofbest&no=348482,http://www.todayhumor.co.kr/board/list.php?kind=member&mn=131742
bestofbest,star,348483,549334,냉동소고기,2017/07/07 00:43,아직도 정신 못차린 우주여신.jpg,57,47035,299,http://www.todayhumor.co.kr/board/view.php?table=bestofbest&no=348483,http://www.todayhumor.co.kr/board/list.php?kind=member&mn=549334
bestofbest,soda,348484,388310,긍정이윤,2017/07/07 00:56,김밥집 사이다!,18,23931,183,http://www.todayhumor.co.kr/board/view.php?table=bestofbest&no=348484,http://www.todayhumor.co.kr/board/list.php?kind=member&mn=388310
bestofbest,camera,348486,116317,이미등록됨,2017/07/07 01:20,[나눔] 미러리스 카메라 선정결과와 죄송함,19,8328,108,http://www.todayhumor.co.kr/board/view.php?table=bestofbest&no=348486,http://www.todayhumor.co.kr/board/list.php?kind=member&mn=116317
bestofbest,sisa,348487,733623,북두장군,2017/07/07 01:36,[썰전]MB똥파리 박형준의 악마적 사고회로와 구역질나는 주둥이!!!,11,11897,176,http://www.todayhumor.co.kr/board/view.php?table=bestofbest&no=348487,http://www.todayhumor.co.kr/board/list.php?kind=member&mn=733623
bestofbest,sisa,348489,454173,shinejade,2017/07/07 02:05,썰전 개망했네요.ㅋㅋㅋ,42,34626,212,http://www.todayhumor.co.kr/board/view.php?table=bestofbest&no=348489,http://www.todayhumor.co.kr/board/list.php?kind=member&mn=454173
bestofbest,humordata,348490,58938,보글레기,2017/07/07 02:21,일본에서 팔고있는 엘프 귀 이어폰.jpg,19,38983,213,http://www.todayhumor.co.kr/board/view.php?table=bestofbest&no=348490,http://www.todayhumor.co.kr/board/list.php?kind=member&mn=58938
bestofbest,sisa,348491,432449,hellsarms,2017/07/07 02:32,전부산대 교수이자 일베교수 최우원 민원내용 중간결과,16,8218,200,http://www.todayhumor.co.kr/board/view.php?table=bestofbest&no=348491,http://www.todayhumor.co.kr/board/list.php?kind=member&mn=432449
bestofbest,law,348492,484883,프로존잘러,2017/07/07 02:40,[좀 길어요] 5만원때문에 벌어진 일들.ssul,80,13240,333,http://www.todayhumor.co.kr/board/view.php?table=bestofbest&no=348492,http://www.todayhumor.co.kr/board/list.php?kind=member&mn=484883
bestofbest,sisa,348493,746205,편견없이,2017/07/07 02:41,대선 끝나고 박주민의원같은 분들이 엄청 등용되겠지하고 기대했는데,25,9805,152,http://www.todayhumor.co.kr/board/view.php?table=bestofbest&no=348493,http://www.todayhumor.co.kr/board/list.php?kind=member&mn=746205
bestofbest,panic,348494,577113,조용한시민,2017/07/07 02:42,"인천 초등생 살인사건 공범 “소년법 적용 판결받고 싶다” 호소, 공범보다",43,19328,221,http://www.todayhumor.co.kr/board/view.php?table=bestofbest&no=348494,http://www.todayhumor.co.kr/board/list.php?kind=member&mn=577113
bestofbest,animal,348495,226518,고기매니아,2017/07/07 02:56,며칠 전에 시장에서 본 고양이...너 뭐 하냐[...],8,10562,125,http://www.todayhumor.co.kr/board/view.php?table=bestofbest&no=348495,http://www.todayhumor.co.kr/board/list.php?kind=member&mn=226518
bestofbest,sisa,348496,425608,사닥호,2017/07/07 02:59,"홍준표 ""文대통령 해외방문 기간 靑비판 자제…그게 예의""",63,21094,150,http://www.todayhumor.co.kr/board/view.php?table=bestofbest&no=348496,http://www.todayhumor.co.kr/board/list.php?kind=member&mn=425608
bestofbest,humordata,348497,608697,peacelove,2017/07/07 03:41,자신의 가슴들에게 자유를 줬다는 이효리ㅋㅋㅋㅋ.jpg,40,46143,204,http://www.todayhumor.co.kr/board/view.php?table=bestofbest&no=348497,http://www.todayhumor.co.kr/board/list.php?kind=member&mn=608697
bestofbest,animal,348498,175724,입술사냥,2017/07/07 03:53,날씨 살살 녹는다 ,22,9481,121,http://www.todayhumor.co.kr/board/view.php?table=bestofbest&no=348498,http://www.todayhumor.co.kr/board/list.php?kind=member&mn=175724
bestofbest,sisa,348499,14245,민속놀이,2017/07/07 04:12,총선 마지막 유세 후 문재인의 모습 잊지못합니다 놈들이 한짓을,25,14221,237,http://www.todayhumor.co.kr/board/view.php?table=bestofbest&no=348499,http://www.todayhumor.co.kr/board/list.php?kind=member&mn=14245
bestofbest,sisa,348500,642377,라이온맨킹,2017/07/07 04:16,[장도리]2017년 7월 7일,2,18774,154,http://www.todayhumor.co.kr/board/view.php?table=bestofbest&no=348500,http://www.todayhumor.co.kr/board/list.php?kind=member&mn=642377
bestofbest,sisa,348501,711518,코볼,2017/07/07 04:23,요즘 부쩍 이명박쪽 사람들 출연시키는 방송사들 주시할 필요가 있음,13,9067,196,http://www.todayhumor.co.kr/board/view.php?table=bestofbest&no=348501,http://www.todayhumor.co.kr/board/list.php?kind=member&mn=711518
